Customer Name,Returned,Order ID,Segment
Aaron Smayling,Yes,IT-2011-3468929,Corporate
Aaron Smayling,Yes,MX-2012-152905,Corporate
Adam Bellavance,Yes,IN-2012-67791,Home Office
Adam Hart,Yes,ES-2012-3471401,Corporate
Adam Hart,Yes,IT-2011-4648014,Corporate
Adam Shillingsburg,Yes,ES-2013-5685466,Consumer
Adam Shillingsburg,Yes,IT-2011-1521406,Consumer
Adrian Barton,Yes,CA-2014-153822,Consumer
Adrian Barton,Yes,ES-2014-5060319,Consumer
Adrian Barton,Yes,IN-2012-13772,Consumer
Adrian Barton,Yes,MX-2013-146073,Consumer
Adrian Barton,Yes,MX-2013-168137,Consumer
Adrian Hane,Yes,CA-2013-145261,Home Office
Adrian Hane,Yes,MX-2012-161704,Home Office
Alan Barnes,Yes,ES-2011-5118812,Consumer
Alan Barnes,Yes,ES-2013-1217902,Consumer
Alan Barnes,Yes,IN-2012-17783,Consumer
Alan Haines,Yes,IN-2011-53203,Corporate
Alan Schoenberger,Yes,CA-2014-117926,Corporate
Alan Schoenberger,Yes,ES-2012-2102738,Corporate
Alan Shonely,Yes,IT-2011-2536577,Consumer
Alejandro Ballentine,Yes,CA-2013-151323,Home Office
Alejandro Ballentine,Yes,ES-2013-2335535,Home Office
Alejandro Grove,Yes,IN-2011-36179,Consumer
Alejandro Grove,Yes,IN-2012-35990,Consumer
Alejandro Grove,Yes,MX-2014-142244,Consumer
Alejandro Savely,Yes,CA-2013-134775,Corporate
Alejandro Savely,Yes,ID-2014-64914,Corporate
Alejandro Savely,Yes,IN-2011-10419,Corporate
Alejandro Savely,Yes,IN-2014-24531,Corporate
Alejandro Savely,Yes,MX-2014-148285,Corporate
Aleksandra Gannaway,Yes,MX-2012-143826,Corporate
Alex Avila,Yes,ES-2014-2697033,Consumer
Alex Avila,Yes,MX-2011-114685,Consumer
Alex Grayson,Yes,US-2013-167850,Consumer
Alex Russell,Yes,ES-2012-4844965,Corporate
Alex Russell,Yes,IN-2012-64116,Corporate
Alice McCarthy,Yes,ES-2012-1211902,Corporate
Alice McCarthy,Yes,ES-2014-2783426,Corporate
Alice McCarthy,Yes,MX-2014-111633,Corporate
Allen Armold,Yes,MX-2012-159646,Consumer
Allen Armold,Yes,US-2013-151379,Consumer
Allen Goldenen,Yes,CA-2013-136483,Consumer
Allen Goldenen,Yes,ES-2013-1874583,Consumer
Allen Goldenen,Yes,MX-2014-161578,Consumer
Allen Rosenblatt,Yes,ES-2011-3654318,Corporate
Allen Rosenblatt,Yes,ES-2014-2933395,Corporate
Allen Rosenblatt,Yes,IN-2014-21059,Corporate
Alyssa Crouse,Yes,ES-2013-5259588,Corporate
Alyssa Tate,Yes,IN-2014-23481,Home Office
Alyssa Tate,Yes,IN-2014-37033,Home Office
Amy Cox,Yes,CA-2014-158729,Consumer
Amy Hunt,Yes,CA-2012-151547,Consumer
Amy Hunt,Yes,MX-2014-106978,Consumer
Amy Hunt,Yes,MX-2014-139591,Consumer
Andrew Gjertsen,Yes,CA-2012-111948,Corporate
Andrew Gjertsen,Yes,CA-2013-168921,Corporate
Andrew Gjertsen,Yes,ES-2013-3446925,Corporate
Andrew Gjertsen,Yes,ES-2013-5911126,Corporate
Andrew Gjertsen,Yes,IN-2011-76758,Corporate
Andrew Roberts,Yes,IN-2011-58341,Consumer
Andrew Roberts,Yes,IN-2012-29228,Consumer
Andrew Roberts,Yes,MX-2012-142090,Consumer
Andy Reiter,Yes,US-2012-136987,Consumer
Andy Yotov,Yes,CA-2011-102652,Corporate
Andy Yotov,Yes,CA-2014-137428,Corporate
Anemone Ratner,Yes,ES-2014-5762425,Consumer
Ann Blume,Yes,IN-2012-24132,Corporate
Ann Chong,Yes,ES-2014-5296123,Corporate
Ann Chong,Yes,IN-2011-63808,Corporate
Ann Chong,Yes,IT-2014-3831682,Corporate
Ann Chong,Yes,MX-2014-169887,Corporate
Anna Andreadi,Yes,CA-2014-157196,Consumer
Anna Chung,Yes,IN-2011-23789,Consumer
Anna Gayman,Yes,CA-2013-133368,Consumer
Anna Gayman,Yes,ES-2013-4972434,Consumer
Anna Häberlin,Yes,CA-2012-113628,Corporate
Anna Häberlin,Yes,CA-2013-138282,Corporate
Anna Häberlin,Yes,ES-2011-3074997,Corporate
Anna Häberlin,Yes,IN-2014-62338,Corporate
Anne McFarland,Yes,IN-2011-30894,Consumer
Anne Pryor,Yes,ID-2014-56339,Home Office
Annie Zypern,Yes,MX-2014-117240,Consumer
Anthony Garverick,Yes,IN-2012-39336,Home Office
Anthony Garverick,Yes,IT-2014-2277753,Home Office
Anthony Jacobs,Yes,CA-2011-108609,Corporate
Anthony Jacobs,Yes,ES-2012-5959969,Corporate
Anthony Jacobs,Yes,MX-2014-155740,Corporate
Anthony Johnson,Yes,CA-2011-110786,Corporate
Anthony Johnson,Yes,CA-2014-142342,Corporate
Anthony Johnson,Yes,IN-2014-38006,Corporate
Anthony O'Donnell,Yes,ID-2013-41968,Corporate
Anthony Rawles,Yes,MX-2014-130694,Corporate
Anthony Witt,Yes,ES-2012-5757351,Consumer
Anthony Witt,Yes,MX-2011-169467,Consumer
Anthony Witt,Yes,MX-2013-107167,Consumer
Anthony Witt,Yes,MX-2013-134831,Consumer
Art Ferguson,Yes,MX-2013-137155,Consumer
Art Foster,Yes,MX-2014-138233,Consumer
Arthur Gainer,Yes,CA-2012-130785,Consumer
Arthur Gainer,Yes,CA-2014-161557,Consumer
Arthur Gainer,Yes,MX-2012-111178,Consumer
Arthur Gainer,Yes,MX-2013-111010,Consumer
Arthur Prichep,Yes,CA-2011-105270,Consumer
Arthur Prichep,Yes,IN-2012-68911,Consumer
Arthur Prichep,Yes,MX-2014-108973,Consumer
Arthur Wiediger,Yes,ES-2013-4441922,Home Office
Arthur Wiediger,Yes,ES-2014-5385720,Home Office
Ashley Jarboe,Yes,ES-2013-1727818,Consumer
Ashley Jarboe,Yes,IN-2011-13492,Consumer
Barbara Fisher,Yes,ID-2013-78795,Corporate
Barry Franz,Yes,CA-2014-103380,Home Office
Barry Franz,Yes,ES-2013-3927096,Home Office
Barry Franz,Yes,ID-2012-85095,Home Office
Barry Franz,Yes,IN-2013-65068,Home Office
Barry Gonzalez,Yes,ES-2014-2411166,Consumer
Barry Pond,Yes,CA-2014-143084,Corporate
Bart Pistole,Yes,ES-2012-5207465,Corporate
Bart Watters,Yes,CA-2014-154074,Corporate
Bart Watters,Yes,ES-2014-4472745,Corporate
Bart Watters,Yes,IN-2012-73216,Corporate
Bart Watters,Yes,MX-2013-153920,Corporate
Becky Pak,Yes,ES-2013-2091965,Consumer
Ben Ferrer,Yes,ES-2014-2901069,Home Office
Ben Wallace,Yes,CA-2013-120873,Consumer
Ben Wallace,Yes,ES-2014-4598380,Consumer
Benjamin Farhat,Yes,ES-2012-2680511,Home Office
Benjamin Farhat,Yes,ES-2013-1268416,Home Office
Benjamin Farhat,Yes,MX-2013-131660,Home Office
Benjamin Patterson,Yes,CA-2014-142888,Consumer
Benjamin Patterson,Yes,IN-2012-44810,Consumer
Benjamin Patterson,Yes,MX-2011-131688,Consumer
Benjamin Patterson,Yes,MX-2011-142545,Consumer
Benjamin Venier,Yes,CA-2013-123526,Corporate
Benjamin Venier,Yes,ES-2014-5438886,Corporate
Benjamin Venier,Yes,IN-2012-52657,Corporate
Benjamin Venier,Yes,MX-2014-154480,Corporate
Berenike Kampe,Yes,ES-2014-3424970,Consumer
Berenike Kampe,Yes,IN-2014-37712,Consumer
Berenike Kampe,Yes,US-2011-140452,Consumer
Beth Fritzler,Yes,ES-2014-2524646,Corporate
Beth Fritzler,Yes,ES-2014-5444511,Corporate
Beth Paige,Yes,CA-2013-142398,Consumer
Beth Paige,Yes,ID-2013-36312,Consumer
Beth Thompson,Yes,CA-2014-115994,Home Office
Beth Thompson,Yes,ES-2012-5365524,Home Office
Bill Donatelli,Yes,CA-2013-130680,Consumer
Bill Donatelli,Yes,ID-2013-60637,Consumer
Bill Donatelli,Yes,IT-2014-5470294,Consumer
Bill Eplett,Yes,ES-2013-5623189,Home Office
Bill Eplett,Yes,MX-2011-124170,Home Office
Bill Eplett,Yes,MX-2014-132927,Home Office
Bill Eplett,Yes,US-2014-105046,Home Office
Bill Overfelt,Yes,IN-2014-43410,Corporate
Bill Shonely,Yes,MX-2014-111899,Corporate
Bill Tyler,Yes,CA-2014-117513,Corporate
Bobby Odegard,Yes,ID-2014-86033,Consumer
Bobby Odegard,Yes,MX-2013-147844,Consumer
Brad Eason,Yes,US-2014-103170,Home Office
Brad Eason,Yes,US-2014-136679,Home Office
Brad Norvell,Yes,ES-2014-1015287,Corporate
Brad Thomas,Yes,IN-2014-71907,Home Office
Brad Thomas,Yes,IN-2014-73972,Home Office
Bradley Nguyen,Yes,CA-2011-103940,Consumer
Bradley Nguyen,Yes,IN-2013-19645,Consumer
Bradley Nguyen,Yes,MX-2012-101854,Consumer
Bradley Talbott,Yes,CA-2014-117212,Home Office
Brenda Bowman,Yes,US-2012-113754,Corporate
Brendan Sweed,Yes,IN-2011-12806,Corporate
Brian Dahlen,Yes,US-2011-164406,Consumer
Brian Derr,Yes,CA-2012-110814,Consumer
Brian Derr,Yes,IT-2014-5470294,Consumer
Brian Moss,Yes,CA-2014-102519,Corporate
Brian Moss,Yes,IN-2013-12736,Corporate
Brian Stugart,Yes,ES-2013-1706935,Consumer
Brian Thompson,Yes,ID-2011-20975,Consumer
Brian Thompson,Yes,IN-2014-58460,Consumer
Brian Thompson,Yes,MX-2014-126165,Consumer
Brooke Gillingham,Yes,MX-2011-131478,Corporate
Brooke Gillingham,Yes,US-2011-156034,Corporate
Brosina Hoffman,Yes,CA-2013-112123,Consumer
Brosina Hoffman,Yes,CA-2014-112865,Consumer
Brosina Hoffman,Yes,CA-2014-127306,Consumer
Bruce Degenhardt,Yes,CA-2014-101574,Consumer
Bruce Degenhardt,Yes,US-2011-104535,Consumer
Bruce Stewart,Yes,CA-2011-103373,Consumer
Bruce Stewart,Yes,CA-2011-133690,Consumer
Bruce Stewart,Yes,CA-2014-130631,Consumer
Bruce Stewart,Yes,MX-2014-162075,Consumer
Bryan Mills,Yes,ES-2013-2491395,Consumer
Bryan Mills,Yes,IN-2012-31944,Consumer
Bryan Mills,Yes,IN-2014-17615,Consumer
Bryan Spruell,Yes,ID-2012-13982,Home Office
Candace McMahon,Yes,MX-2013-128027,Corporate
Candace McMahon,Yes,US-2014-104010,Corporate
Cari MacIntyre,Yes,IN-2013-51775,Corporate
Cari MacIntyre,Yes,IT-2011-2861112,Corporate
Cari MacIntyre,Yes,MX-2014-167115,Corporate
Cari Sayre,Yes,CA-2014-131828,Corporate
Cari Sayre,Yes,CA-2014-147452,Corporate
Cari Sayre,Yes,ID-2012-72453,Corporate
Cari Sayre,Yes,ID-2013-72362,Corporate
Carl Jackson,Yes,ES-2012-5745179,Corporate
Carl Jackson,Yes,IN-2014-47848,Corporate
Carl Ludwig,Yes,ES-2014-2042578,Consumer
Carl Ludwig,Yes,US-2011-163860,Consumer
Carl Weiss,Yes,CA-2012-119214,Home Office
Carlos Daly,Yes,CA-2012-101910,Consumer
Carlos Daly,Yes,CA-2014-111556,Consumer
Carlos Daly,Yes,MX-2014-117744,Consumer
Carlos Soltero,Yes,CA-2013-161746,Consumer
Carlos Soltero,Yes,ES-2014-4616921,Consumer
Carlos Soltero,Yes,ID-2013-67693,Consumer
Carlos Soltero,Yes,US-2013-151827,Consumer
Carol Adams,Yes,ID-2011-64599,Corporate
Carol Adams,Yes,MX-2011-124688,Corporate
Carol Darley,Yes,ES-2012-1484906,Consumer
Carol Darley,Yes,ES-2013-2003988,Consumer
Carol Triggs,Yes,CA-2014-137085,Consumer
Cathy Armstrong,Yes,IN-2014-29767,Home Office
Cathy Hwang,Yes,ES-2011-1228490,Home Office
Cathy Hwang,Yes,IN-2012-75211,Home Office
Cathy Prescott,Yes,CA-2014-144064,Corporate
Cathy Prescott,Yes,IT-2013-3468927,Corporate
Chad Cunningham,Yes,IN-2011-73055,Home Office
Chad Cunningham,Yes,MX-2013-131142,Home Office
Chad McGuire,Yes,CA-2014-137414,Consumer
Chad Sievert,Yes,ES-2011-1868803,Consumer
Charles Crestani,Yes,CA-2011-141726,Consumer
Charles Sheldon,Yes,ID-2013-48709,Corporate
Charles Sheldon,Yes,IN-2012-83380,Corporate
Charles Sheldon,Yes,IN-2013-12715,Corporate
Charlotte Melton,Yes,ID-2011-17286,Consumer
Charlotte Melton,Yes,MX-2013-169495,Consumer
Chloris Kastensmidt,Yes,ES-2014-3277356,Consumer
Chloris Kastensmidt,Yes,US-2012-108917,Consumer
Chris Cortes,Yes,IN-2014-41093,Consumer
Chris Cortes,Yes,US-2014-107888,Consumer
Chris McAfee,Yes,ES-2014-4295205,Consumer
Chris McAfee,Yes,US-2013-114230,Consumer
Christina Anderson,Yes,CA-2014-140053,Consumer
Christina VanderZanden,Yes,MX-2011-122735,Consumer
Christina VanderZanden,Yes,MX-2012-148054,Consumer
Christine Abelman,Yes,ID-2013-74875,Corporate
Christine Kargatis,Yes,CA-2014-109085,Home Office
Christine Kargatis,Yes,ES-2013-1268416,Home Office
Christine Phan,Yes,ES-2013-5246295,Corporate
Christine Phan,Yes,ES-2014-3730302,Corporate
Christine Sundaresam,Yes,ID-2014-25707,Consumer
Christopher Conant,Yes,ES-2012-1845274,Consumer
Christopher Conant,Yes,US-2012-169712,Consumer
Christopher Martinez,Yes,IN-2014-51985,Consumer
Christopher Martinez,Yes,MX-2011-147039,Consumer
Christopher Schild,Yes,ES-2014-5247585,Home Office
Christopher Schild,Yes,MX-2011-136602,Home Office
Christy Brittain,Yes,CA-2014-152660,Consumer
Chuck Clark,Yes,CA-2013-116736,Home Office
Chuck Clark,Yes,MX-2012-126606,Home Office
Chuck Clark,Yes,US-2013-148957,Home Office
Chuck Magee,Yes,IN-2014-31356,Consumer
Chuck Sachs,Yes,ES-2014-5822421,Consumer
Chuck Sachs,Yes,IN-2014-75470,Consumer
Cindy Chapman,Yes,ID-2011-33295,Consumer
Cindy Chapman,Yes,IN-2013-41198,Consumer
Cindy Schnelling,Yes,MX-2013-115805,Corporate
Cindy Stewart,Yes,MX-2014-147599,Consumer
Claudia Bergmann,Yes,ES-2012-5923089,Corporate
Claudia Bergmann,Yes,MX-2014-151134,Corporate
Clay Cheatham,Yes,CA-2014-118542,Consumer
Clay Cheatham,Yes,IN-2012-69870,Consumer
Clay Cheatham,Yes,MX-2013-141901,Consumer
Clay Ludtke,Yes,CA-2012-135580,Consumer
Clay Ludtke,Yes,CA-2013-134803,Consumer
Clytie Kelty,Yes,ES-2011-3864297,Consumer
Clytie Kelty,Yes,IN-2014-32091,Consumer
Corey Catlett,Yes,CA-2011-124688,Corporate
Corey Catlett,Yes,IN-2012-12477,Corporate
Corey Roper,Yes,CA-2013-162159,Home Office
Corey Roper,Yes,ES-2011-5803751,Home Office
Corey Roper,Yes,ID-2011-22011,Home Office
Corey Roper,Yes,MX-2014-126221,Home Office
Corey-Lock,Yes,IN-2013-25112,Consumer
Craig Carreira,Yes,CA-2013-167759,Consumer
Craig Carreira,Yes,CA-2014-112753,Consumer
Craig Carroll,Yes,CA-2012-140984,Consumer
Craig Carroll,Yes,MX-2014-141922,Consumer
Craig Yedwab,Yes,CA-2012-112144,Corporate
Craig Yedwab,Yes,ES-2014-4401602,Corporate
Craig Yedwab,Yes,US-2011-149069,Corporate
Cynthia Arntzen,Yes,ES-2013-3508441,Consumer
Cynthia Voltz,Yes,CA-2014-135692,Corporate
Cynthia Voltz,Yes,ES-2014-1398657,Corporate
Cynthia Voltz,Yes,US-2013-144057,Corporate
Cyra Reiten,Yes,ES-2012-1721838,Home Office
Dan Campbell,Yes,ID-2013-34051,Consumer
Dan Campbell,Yes,IN-2013-18175,Consumer
Dan Lawera,Yes,ES-2012-3362320,Consumer
Dan Lawera,Yes,MX-2012-115945,Consumer
Dan Reichenbach,Yes,CA-2014-161956,Corporate
Dan Reichenbach,Yes,IN-2011-59013,Corporate
Dan Reichenbach,Yes,US-2013-127425,Corporate
Dana Kaydos,Yes,ID-2014-41191,Consumer
Daniel Raglin,Yes,IN-2013-84584,Home Office
Dario Medina,Yes,CA-2012-168480,Corporate
Dario Medina,Yes,ES-2013-4375143,Corporate
Darren Budd,Yes,CA-2012-141593,Corporate
Darren Powers,Yes,US-2013-164077,Consumer
Darrin Martin,Yes,CA-2011-160766,Consumer
Darrin Martin,Yes,MX-2012-149832,Consumer
Darrin Sayre,Yes,ES-2014-1526550,Home Office
Darrin Van Huff,Yes,ES-2012-5845607,Corporate
Darrin Van Huff,Yes,IT-2013-4962578,Corporate
Dave Brooks,Yes,CA-2014-121258,Consumer
Dave Brooks,Yes,ES-2013-4897406,Consumer
Dave Brooks,Yes,IN-2011-72502,Consumer
Dave Hallsten,Yes,ID-2014-17475,Corporate
Dave Hallsten,Yes,US-2014-125626,Corporate
Dave Hallsten,Yes,US-2014-147886,Corporate
Dave Kipp,Yes,ES-2013-5239444,Consumer
Dave Kipp,Yes,IN-2014-23929,Consumer
David Bremer,Yes,IN-2011-24069,Corporate
David Kendrick,Yes,ES-2013-4487295,Corporate
David Kendrick,Yes,IN-2011-36074,Corporate
David Philippe,Yes,ES-2012-4250639,Consumer
David Philippe,Yes,IN-2011-17594,Consumer
David Smith,Yes,CA-2012-130456,Corporate
Dean Braden,Yes,CA-2012-157812,Consumer
Dean Braden,Yes,ES-2014-2385129,Consumer
Dean Braden,Yes,ES-2014-4963892,Consumer
Dean Katz,Yes,ES-2014-1703772,Corporate
Dean Katz,Yes,IN-2012-75134,Corporate
Dean percer,Yes,MX-2011-157539,Home Office
Deanra Eno,Yes,CA-2011-123253,Home Office
Deanra Eno,Yes,CA-2012-142601,Home Office
Deanra Eno,Yes,CA-2013-126529,Home Office
Deanra Eno,Yes,IN-2014-25637,Home Office
Deanra Eno,Yes,MX-2012-113817,Home Office
Deborah Brumfield,Yes,CA-2014-122504,Home Office
Deborah Brumfield,Yes,ES-2011-5263174,Home Office
Debra Catini,Yes,MX-2014-160857,Consumer
Delfina Latchford,Yes,ES-2013-1341762,Consumer
Denise Leinenbach,Yes,ES-2013-3547323,Consumer
Denise Leinenbach,Yes,IN-2013-19071,Consumer
Denise Leinenbach,Yes,IN-2014-57683,Consumer
Denise Monton,Yes,MX-2012-160612,Corporate
Dennis Bolton,Yes,ES-2013-5648133,Home Office
Dennis Bolton,Yes,MX-2014-114545,Home Office
Dennis Kane,Yes,MX-2014-125332,Consumer
Dennis Pardue,Yes,IN-2013-19400,Home Office
Dennis Pardue,Yes,MX-2013-112956,Home Office
Denny Joy,Yes,CA-2012-109736,Corporate
Denny Joy,Yes,MX-2012-151904,Corporate
Denny Ordway,Yes,ID-2013-13562,Consumer
Denny Ordway,Yes,IN-2014-31790,Consumer
Denny Ordway,Yes,IN-2014-52384,Consumer
Denny Ordway,Yes,US-2012-112004,Consumer
Dianna Arnett,Yes,ID-2013-74357,Home Office
Dianna Vittorini,Yes,CA-2012-146486,Consumer
Dianna Vittorini,Yes,ES-2012-4379168,Consumer
Dionis Lloyd,Yes,IT-2013-3060899,Corporate
Don Jones,Yes,IT-2012-3091951,Corporate
Don Jones,Yes,MX-2012-113768,Corporate
Don Weiss,Yes,US-2013-151841,Consumer
Dorothy Badders,Yes,ES-2014-1637041,Corporate
Dorothy Dickinson,Yes,ES-2011-4359424,Consumer
Dorothy Dickinson,Yes,MX-2013-111388,Consumer
Dorothy Dickinson,Yes,MX-2014-150868,Consumer
Dorothy Wardle,Yes,ES-2012-3075381,Corporate
Dorothy Wardle,Yes,ES-2014-4626156,Corporate
Dorothy Wardle,Yes,IN-2013-33204,Corporate
Dorris liebe,Yes,CA-2011-153150,Corporate
Dorris liebe,Yes,IT-2014-2068457,Corporate
Doug Bickford,Yes,MX-2013-139948,Consumer
Doug Jacobs,Yes,US-2014-161830,Consumer
Doug O'Connell,Yes,CA-2014-165008,Consumer
Doug O'Connell,Yes,IN-2011-11889,Consumer
Duane Benoit,Yes,CA-2014-121853,Consumer
Duane Benoit,Yes,ES-2012-1439531,Consumer
Duane Benoit,Yes,ID-2014-56752,Consumer
Duane Noonan,Yes,CA-2011-166744,Consumer
Duane Noonan,Yes,IN-2011-35857,Consumer
Duane Noonan,Yes,IN-2014-47799,Consumer
Ed Braxton,Yes,ES-2013-2645491,Corporate
Ed Jacobs,Yes,CA-2014-123085,Consumer
Ed Ludwig,Yes,ES-2013-2048769,Home Office
Ed Ludwig,Yes,IN-2012-68897,Home Office
Edward Becker,Yes,CA-2014-161459,Corporate
Edward Hooks,Yes,ES-2011-3305419,Corporate
Edward Hooks,Yes,ID-2013-85074,Corporate
Edward Hooks,Yes,IT-2011-4913414,Corporate
Edward Hooks,Yes,US-2013-119046,Corporate
Edward Nazzal,Yes,ES-2014-1193193,Consumer
Edward Nazzal,Yes,ID-2013-68498,Consumer
Eileen Kiefer,Yes,CA-2011-111871,Home Office
Eleni McCrary,Yes,MX-2011-105298,Corporate
Eleni McCrary,Yes,MX-2012-164777,Corporate
Elizabeth Moffitt,Yes,ES-2013-4116050,Corporate
Elizabeth Moffitt,Yes,ES-2014-3380674,Corporate
Ellis Ballard,Yes,IN-2012-69044,Corporate
Emily Burns,Yes,ES-2013-3285003,Consumer
Emily Burns,Yes,ID-2011-23068,Consumer
Emily Burns,Yes,US-2012-110569,Consumer
Emily Ducich,Yes,CA-2013-118311,Home Office
Emily Ducich,Yes,ES-2013-4429605,Home Office
Emily Ducich,Yes,IN-2014-19911,Home Office
Emily Ducich,Yes,MX-2011-121671,Home Office
Emily Grady,Yes,MX-2014-112585,Consumer
Emily Phan,Yes,IN-2011-38965,Consumer
Eric Hoffmann,Yes,CA-2012-114048,Consumer
Eric Hoffmann,Yes,MX-2012-134446,Consumer
Eric Hoffmann,Yes,US-2012-106551,Consumer
Eric Murdock,Yes,CA-2012-148873,Consumer
Eric Murdock,Yes,ES-2012-4485887,Consumer
Eric Murdock,Yes,IN-2012-36788,Consumer
Eric Murdock,Yes,US-2012-115196,Consumer
Erica Bern,Yes,CA-2014-115427,Corporate
Erica Bern,Yes,IN-2012-45972,Corporate
Erica Bern,Yes,MX-2012-148586,Corporate
Erica Hackney,Yes,ID-2012-44173,Consumer
Erica Hernandez,Yes,CA-2013-152814,Home Office
Erica Hernandez,Yes,IT-2013-4354136,Home Office
Erica Smith,Yes,ES-2013-3061639,Consumer
Erica Smith,Yes,IN-2012-59391,Consumer
Erin Ashbrook,Yes,CA-2011-151162,Corporate
Erin Ashbrook,Yes,MX-2012-109134,Corporate
Erin Mull,Yes,MX-2012-115070,Consumer
Erin Mull,Yes,MX-2013-168739,Consumer
Erin Smith,Yes,CA-2012-104129,Corporate
Erin Smith,Yes,CA-2013-136924,Corporate
Erin Smith,Yes,MX-2012-154179,Corporate
Eudokia Martin,Yes,ES-2013-5246151,Corporate
Eudokia Martin,Yes,IT-2014-1082723,Corporate
Eugene Barchas,Yes,ES-2012-1721838,Consumer
Eugene Barchas,Yes,ES-2014-4385660,Consumer
Eugene Hildebrand,Yes,CA-2011-100867,Home Office
Eugene Hildebrand,Yes,CA-2012-134201,Home Office
Eugene Hildebrand,Yes,CA-2014-112725,Home Office
Eugene Hildebrand,Yes,ES-2013-1906012,Home Office
Eugene Moren,Yes,CA-2012-146255,Home Office
Eugene Moren,Yes,IN-2012-19995,Home Office
Eugene Moren,Yes,IN-2014-77941,Home Office
Evan Bailliet,Yes,ES-2014-4387160,Consumer
Evan Bailliet,Yes,ID-2013-29662,Consumer
Evan Bailliet,Yes,IN-2013-22298,Consumer
Evan Henry,Yes,CA-2011-143840,Consumer
Evan Henry,Yes,MX-2012-149461,Consumer
Evan Minnotte,Yes,ES-2012-3679676,Home Office
Filia McAdams,Yes,IT-2014-5465876,Corporate
Filia McAdams,Yes,MX-2012-156720,Corporate
Frank Atkinson,Yes,ES-2014-1873734,Corporate
Frank Carlisle,Yes,ES-2011-5201850,Home Office
Frank Merwin,Yes,ES-2012-2088434,Home Office
Frank Merwin,Yes,IN-2011-56451,Home Office
Frank Merwin,Yes,IN-2014-68008,Home Office
Frank Olsen,Yes,ID-2012-62345,Consumer
Frank Olsen,Yes,MX-2013-148628,Consumer
Frank Preis,Yes,CA-2014-137099,Consumer
Fred Hopkins,Yes,CA-2013-104689,Corporate
Fred Hopkins,Yes,ID-2014-16474,Corporate
Fred Hopkins,Yes,IN-2011-86642,Corporate
Fred Hopkins,Yes,MX-2013-117415,Corporate
Fred McMath,Yes,IN-2012-44691,Consumer
Fred McMath,Yes,US-2013-135720,Consumer
Fred Wasserman,Yes,ES-2013-1610512,Corporate
Gary Hansen,Yes,ES-2014-4856325,Home Office
Gary Hansen,Yes,US-2011-158442,Home Office
Gary Hwang,Yes,ES-2012-4662036,Consumer
Gary Hwang,Yes,ES-2014-1651774,Consumer
Gary Hwang,Yes,IN-2014-14003,Consumer
Gary Hwang,Yes,MX-2014-126298,Consumer
Gary McGarr,Yes,IN-2012-16572,Consumer
Gary Mitchum,Yes,IN-2014-44719,Home Office
Gary Zandusky,Yes,IN-2014-27863,Consumer
Gene McClure,Yes,US-2014-123834,Consumer
George Bell,Yes,US-2014-161830,Corporate
George Zrebassa,Yes,IN-2012-24783,Corporate
Georgia Rosenberg,Yes,IN-2012-56178,Corporate
Giulietta Dortch,Yes,MX-2011-144827,Corporate
Giulietta Weimer,Yes,IT-2013-3159247,Consumer
Grace Kelly,Yes,CA-2013-162138,Corporate
Grant Thornton,Yes,IT-2014-4920177,Corporate
Greg Guthrie,Yes,CA-2014-118122,Corporate
Greg Guthrie,Yes,CA-2014-131807,Corporate
Greg Hansen,Yes,CA-2014-136539,Consumer
Greg Hansen,Yes,ES-2014-1620754,Consumer
Greg Matthias,Yes,CA-2011-127012,Consumer
Greg Tran,Yes,ES-2012-4193401,Consumer
Guy Armstrong,Yes,CA-2014-134194,Consumer
Guy Armstrong,Yes,ES-2013-4569090,Consumer
Guy Armstrong,Yes,MX-2014-166814,Consumer
Guy Thornton,Yes,IT-2013-3876077,Consumer
Guy Thornton,Yes,MX-2014-156615,Consumer
Harold Dahlen,Yes,IN-2014-51607,Home Office
Harold Ryan,Yes,CA-2011-127131,Corporate
Harry Greene,Yes,IN-2012-41415,Consumer
Harry Marie,Yes,ID-2011-55142,Corporate
Harry Marie,Yes,MX-2012-159674,Corporate
Heather Jas,Yes,CA-2013-118500,Home Office
Heather Kirkland,Yes,CA-2012-150875,Corporate
Heather Kirkland,Yes,IN-2012-85935,Corporate
Helen Abelman,Yes,CA-2012-134075,Consumer
Helen Abelman,Yes,ES-2013-3323529,Consumer
Helen Abelman,Yes,MX-2012-111430,Consumer
Helen Andreada,Yes,CA-2011-157924,Consumer
Helen Andreada,Yes,ES-2011-3028321,Consumer
Helen Andreada,Yes,IN-2013-38174,Consumer
Helen Andreada,Yes,IN-2014-61932,Consumer
Helen Andreada,Yes,MX-2013-133074,Consumer
Helen Wasserman,Yes,CA-2014-165491,Corporate
Henia Zydlo,Yes,CA-2014-108931,Consumer
Henry Goldwyn,Yes,CA-2013-145919,Corporate
Henry Goldwyn,Yes,IN-2014-39931,Corporate
Henry Goldwyn,Yes,US-2014-122672,Corporate
Henry MacAllister,Yes,IN-2014-60476,Consumer
Herbert Flentye,Yes,IN-2013-15466,Consumer
Herbert Flentye,Yes,MX-2013-116946,Consumer
Hilary Holden,Yes,CA-2011-135699,Corporate
Hilary Holden,Yes,CA-2014-131492,Corporate
Hilary Holden,Yes,IN-2012-25371,Corporate
Hilary Holden,Yes,MX-2012-142664,Corporate
Ionia McGrath,Yes,CA-2013-124527,Consumer
Irene Maddox,Yes,MX-2014-131268,Consumer
Ivan Gibson,Yes,CA-2013-159345,Consumer
Ivan Gibson,Yes,ES-2013-1795340,Consumer
Ivan Gibson,Yes,MX-2012-160388,Consumer
Ivan Liston,Yes,MX-2013-129588,Consumer
Ivan Liston,Yes,MX-2013-153094,Consumer
Jack Garza,Yes,ES-2013-1874583,Consumer
Jack Lebron,Yes,CA-2014-150910,Consumer
Jack Lebron,Yes,US-2013-163223,Consumer
Jack O'Briant,Yes,ES-2011-1276768,Corporate
Jack O'Briant,Yes,ES-2012-4840257,Corporate
James Galang,Yes,ES-2012-5745179,Consumer
James Galang,Yes,IN-2012-78067,Consumer
James Galang,Yes,MX-2011-138716,Consumer
James Galang,Yes,MX-2014-165078,Consumer
James Lanier,Yes,IT-2012-3986604,Home Office
Jamie Kunitz,Yes,CA-2014-123491,Consumer
Jamie Kunitz,Yes,ES-2013-5002349,Consumer
Jamie Kunitz,Yes,MX-2012-128363,Consumer
Jamie Kunitz,Yes,MX-2012-166730,Consumer
Jane Waco,Yes,IN-2012-10986,Corporate
Janet Martin,Yes,MX-2013-118402,Consumer
Janet Molinari,Yes,IN-2011-56486,Corporate
Janet Molinari,Yes,IN-2012-70073,Corporate
Janet Molinari,Yes,IN-2013-14409,Corporate
Jason Gross,Yes,IN-2012-52524,Corporate
Jason Gross,Yes,IN-2013-13786,Corporate
Jason Klamczynski,Yes,CA-2014-122007,Corporate
Jason Klamczynski,Yes,IN-2011-50613,Corporate
Jason Klamczynski,Yes,IT-2013-2280110,Corporate
Jasper Cacioppo,Yes,MX-2011-146479,Consumer
Jay Fein,Yes,CA-2014-136651,Consumer
Jay Fein,Yes,ES-2013-5106699,Consumer
Jay Kimmel,Yes,US-2014-103828,Consumer
Jay Kimmel,Yes,US-2014-155999,Consumer
Jenna Caffey,Yes,ES-2013-3988133,Consumer
Jenna Caffey,Yes,ES-2014-2638373,Consumer
Jenna Caffey,Yes,ES-2014-4963892,Consumer
Jenna Caffey,Yes,MX-2012-150910,Consumer
Jennifer Braxton,Yes,ES-2014-1178010,Corporate
Jennifer Braxton,Yes,US-2011-132899,Corporate
Jennifer Halladay,Yes,ES-2012-3246286,Consumer
Jennifer Halladay,Yes,IN-2012-80370,Consumer
Jennifer Jackson,Yes,ES-2012-4079399,Consumer
Jennifer Patt,Yes,ES-2014-2933395,Corporate
Jennifer Patt,Yes,MX-2013-128440,Corporate
Jennifer Patt,Yes,US-2012-137008,Corporate
Jennifer Patt,Yes,US-2014-122672,Corporate
Jeremy Pistek,Yes,ID-2011-50655,Consumer
Jessica Myrick,Yes,ES-2014-1734818,Consumer
Jill Fjeld,Yes,MX-2014-107279,Consumer
Jill Matthias,Yes,ID-2011-20989,Consumer
Jill Stevenson,Yes,CA-2012-143602,Corporate
Jill Stevenson,Yes,IN-2014-15676,Corporate
Jim Epp,Yes,IN-2012-39889,Corporate
Jim Epp,Yes,MX-2011-141467,Corporate
Jim Karlsson,Yes,MX-2014-104122,Consumer
Jim Karlsson,Yes,MX-2014-135706,Consumer
Jim Radford,Yes,ES-2014-5368780,Consumer
Jim Sink,Yes,CA-2013-109806,Corporate
Jim Sink,Yes,IN-2014-46007,Corporate
Joe Elijah,Yes,CA-2013-105081,Consumer
Joe Elijah,Yes,CA-2013-106950,Consumer
Joe Elijah,Yes,ID-2014-68505,Consumer
Joe Elijah,Yes,IN-2014-64347,Consumer
Joe Kamberova,Yes,ID-2014-15186,Consumer
Joe Kamberova,Yes,IN-2014-38356,Consumer
Joel Eaton,Yes,CA-2012-139731,Consumer
Joel Jenkins,Yes,ES-2012-5566923,Home Office
John Castell,Yes,ES-2011-4694484,Consumer
John Castell,Yes,ES-2014-5438886,Consumer
John Castell,Yes,IT-2014-5517515,Consumer
John Dryer,Yes,ID-2011-75652,Consumer
John Grady,Yes,CA-2011-104829,Corporate
John Grady,Yes,ES-2014-5666305,Corporate
John Grady,Yes,IN-2012-49864,Corporate
John Grady,Yes,IN-2013-35087,Corporate
John Huston,Yes,IN-2013-59160,Consumer
John Lee,Yes,IN-2012-78865,Consumer
John Lee,Yes,IT-2013-4869515,Consumer
John Lee,Yes,US-2011-138758,Consumer
John Lucas,Yes,ES-2012-4717022,Consumer
John Lucas,Yes,ES-2014-5513140,Consumer
John Murray,Yes,MX-2011-101518,Consumer
John Murray,Yes,US-2012-128090,Consumer
John Stevenson,Yes,US-2012-126214,Consumer
Jonathan Doherty,Yes,IN-2014-28640,Corporate
Jonathan Howell,Yes,US-2013-115952,Consumer
Joni Blumstein,Yes,CA-2012-169397,Consumer
Joni Blumstein,Yes,ES-2013-2639112,Consumer
Joni Blumstein,Yes,IN-2012-27597,Consumer
Joni Wasserman,Yes,IN-2012-44509,Consumer
Joni Wasserman,Yes,MX-2013-163797,Consumer
Joseph Airdo,Yes,IT-2014-1858881,Consumer
Joseph Holt,Yes,CA-2013-151372,Consumer
Joseph Holt,Yes,IN-2013-25245,Consumer
Joseph Holt,Yes,IN-2014-84353,Consumer
Joseph Holt,Yes,MX-2013-147634,Consumer
Joseph Holt,Yes,MX-2013-152814,Consumer
Joy Bell-,Yes,ES-2014-5389384,Consumer
Joy Daniels,Yes,CA-2011-148950,Consumer
Joy Daniels,Yes,ES-2011-5273102,Consumer
Joy Daniels,Yes,ID-2011-59293,Consumer
Joy Daniels,Yes,MX-2014-139367,Consumer
Joy Smith,Yes,ES-2011-1443340,Consumer
Joy Smith,Yes,MX-2014-158589,Consumer
Julia Barnett,Yes,CA-2013-139269,Home Office
Julia Dunbar,Yes,IT-2014-1725451,Consumer
Julia West,Yes,US-2011-121636,Consumer
Juliana Krohn,Yes,CA-2012-107678,Consumer
Juliana Krohn,Yes,IN-2012-44194,Consumer
Juliana Krohn,Yes,MX-2011-127670,Consumer
Julie Creighton,Yes,IN-2014-77339,Corporate
Julie Prescott,Yes,MX-2011-162488,Home Office
Julie Prescott,Yes,US-2013-111528,Home Office
Justin Deggeller,Yes,MX-2014-165694,Corporate
Justin Hirsh,Yes,US-2013-114293,Consumer
Justin MacKendrick,Yes,CA-2012-116092,Consumer
Justin Ritter,Yes,ES-2012-3697227,Corporate
Justin Ritter,Yes,IN-2013-77878,Corporate
Karen Bern,Yes,CA-2014-162012,Corporate
Karen Bern,Yes,ES-2011-5464858,Corporate
Karen Carlisle,Yes,MX-2011-168662,Corporate
Karen Daniels,Yes,IN-2013-69128,Consumer
Karen Daniels,Yes,IN-2014-54995,Consumer
Karen Daniels,Yes,US-2012-154550,Consumer
Karen Ferguson,Yes,ES-2014-2439745,Home Office
Karen Seio,Yes,ES-2014-1006842,Corporate
Karen Seio,Yes,MX-2012-112662,Corporate
Katharine Harms,Yes,ES-2013-4009230,Corporate
Katharine Harms,Yes,ID-2014-45580,Corporate
Katharine Harms,Yes,IN-2012-56682,Corporate
Katherine Hughes,Yes,ES-2014-1006059,Consumer
Katherine Hughes,Yes,MX-2011-157000,Consumer
Katherine Murray,Yes,CA-2013-159212,Home Office
Katherine Nockton,Yes,ID-2011-23593,Corporate
Katherine Nockton,Yes,IN-2013-48807,Corporate
Katrina Bavinger,Yes,IN-2011-85284,Home Office
Katrina Bavinger,Yes,IT-2014-4273010,Home Office
Katrina Edelman,Yes,IN-2014-62366,Corporate
Kean Nguyen,Yes,IN-2011-33890,Corporate
Kean Nguyen,Yes,MX-2011-115490,Corporate
Kean Takahito,Yes,US-2011-119935,Consumer
Kean Takahito,Yes,US-2014-123484,Consumer
Kean Thornton,Yes,ID-2012-70857,Consumer
Kean Thornton,Yes,MX-2013-115434,Consumer
Kelly Andreada,Yes,IN-2012-69072,Consumer
Kelly Andreada,Yes,US-2014-118612,Consumer
Kelly Lampkin,Yes,MX-2013-121160,Corporate
Kelly Williams,Yes,IN-2012-66531,Consumer
Kelly Williams,Yes,MX-2011-119977,Consumer
Ken Black,Yes,CA-2012-103716,Corporate
Ken Black,Yes,CA-2012-138674,Corporate
Ken Black,Yes,CA-2013-116547,Corporate
Ken Black,Yes,ES-2014-2299862,Corporate
Ken Black,Yes,IN-2014-46665,Corporate
Ken Brennan,Yes,MX-2014-168536,Corporate
Ken Dana,Yes,CA-2014-155712,Corporate
Ken Dana,Yes,IN-2013-64578,Corporate
Ken Heidel,Yes,CA-2014-166898,Corporate
Ken Lonsdale,Yes,IN-2014-30173,Consumer
Kristen Hastings,Yes,ES-2014-1224526,Corporate
Kristen Hastings,Yes,ID-2013-79117,Corporate
Kristen Hastings,Yes,IN-2014-17160,Corporate
Kristina Nunn,Yes,MX-2013-136224,Home Office
Kristina Nunn,Yes,US-2011-143287,Home Office
Kristina Nunn,Yes,US-2011-167787,Home Office
Kunst Miller,Yes,CA-2014-167395,Consumer
Larry Blacks,Yes,MX-2011-155159,Consumer
Larry Hughes,Yes,CA-2014-129707,Consumer
Larry Hughes,Yes,MX-2011-155572,Consumer
Larry Hughes,Yes,MX-2013-150140,Consumer
Larry Tron,Yes,CA-2011-126522,Consumer
Larry Tron,Yes,ES-2013-1525878,Consumer
Larry Tron,Yes,ID-2012-32350,Consumer
Laura Armstrong,Yes,ES-2014-1325616,Corporate
Laura Armstrong,Yes,IN-2014-54708,Corporate
Laurel Beltran,Yes,US-2013-157490,Home Office
Laurel Workman,Yes,CA-2011-160773,Corporate
Laurel Workman,Yes,CA-2011-164721,Corporate
Lauren Leatherbury,Yes,MX-2013-118038,Consumer
Lela Donovan,Yes,MX-2011-147816,Corporate
Lena Cacioppo,Yes,CA-2012-150770,Consumer
Lena Creighton,Yes,CA-2012-124058,Consumer
Lena Creighton,Yes,CA-2013-145583,Consumer
Lena Creighton,Yes,IN-2014-69205,Consumer
Lena Creighton,Yes,US-2012-146801,Consumer
Lena Hernandez,Yes,US-2012-136749,Consumer
Lena Radford,Yes,CA-2013-126732,Consumer
Lena Radford,Yes,IN-2014-30649,Consumer
Linda Cazamias,Yes,ES-2014-1197792,Corporate
Linda Southworth,Yes,CA-2013-114727,Corporate
Linda Southworth,Yes,ES-2013-1093488,Corporate
Linda Southworth,Yes,ES-2013-1785128,Corporate
Lindsay Castell,Yes,IT-2013-3253363,Home Office
Lindsay Shagiari,Yes,CA-2014-108294,Home Office
Lindsay Shagiari,Yes,MX-2012-125283,Home Office
Lisa Ryan,Yes,CA-2011-109918,Corporate
Lisa Ryan,Yes,MX-2011-156755,Corporate
Lisa Ryan,Yes,MX-2013-167213,Corporate
Liz Carlisle,Yes,MX-2013-134194,Consumer
Liz MacKendrick,Yes,ID-2013-64970,Consumer
Liz Pelletier,Yes,US-2013-130239,Consumer
Liz Preis,Yes,IN-2013-49318,Consumer
Liz Thompson,Yes,ES-2014-4079805,Consumer
Liz Thompson,Yes,ID-2014-35374,Consumer
Liz Thompson,Yes,MX-2011-116218,Consumer
Liz Willingham,Yes,CA-2013-157280,Consumer
Logan Currie,Yes,CA-2012-119907,Consumer
Logan Currie,Yes,CA-2013-130477,Consumer
Logan Currie,Yes,MX-2013-109771,Consumer
Logan Haushalter,Yes,ID-2011-78592,Consumer
Logan Haushalter,Yes,MX-2011-120719,Consumer
Logan Haushalter,Yes,US-2013-131149,Consumer
Lori Olson,Yes,CA-2012-143238,Corporate
Lori Olson,Yes,US-2011-165316,Corporate
Luke Foster,Yes,CA-2011-169019,Consumer
Luke Foster,Yes,MX-2013-101455,Consumer
Luke Schmidt,Yes,CA-2014-131618,Corporate
Luke Schmidt,Yes,ID-2014-71403,Corporate
Lycoris Saunders,Yes,ES-2011-5032747,Consumer
Lycoris Saunders,Yes,IT-2012-1180980,Consumer
Magdelene Morse,Yes,CA-2011-108861,Consumer
Magdelene Morse,Yes,CA-2014-166142,Consumer
Magdelene Morse,Yes,IN-2014-11637,Consumer
Marc Crier,Yes,CA-2013-118899,Consumer
Marc Crier,Yes,CA-2014-154949,Consumer
Marc Crier,Yes,ES-2014-2228032,Consumer
Marc Crier,Yes,MX-2012-154088,Consumer
Marc Harrigan,Yes,CA-2011-116785,Home Office
Marc Harrigan,Yes,CA-2014-169327,Home Office
Maria Bertelson,Yes,ES-2014-5710826,Consumer
Maria Etezadi,Yes,IN-2014-71956,Home Office
Maria Zettner,Yes,IN-2012-81812,Home Office
Maribeth Dona,Yes,ES-2013-2638509,Consumer
Maribeth Schnelling,Yes,CA-2013-150077,Consumer
Maribeth Yedwab,Yes,ES-2013-2310454,Corporate
Maribeth Yedwab,Yes,MX-2014-165575,Corporate
Maribeth Yedwab,Yes,US-2013-105578,Corporate
Marina Lichtenstein,Yes,CA-2011-156349,Corporate
Marina Lichtenstein,Yes,MX-2013-101210,Corporate
Maris LaWare,Yes,ES-2013-1835691,Consumer
Maris LaWare,Yes,IN-2014-46595,Consumer
Maris LaWare,Yes,MX-2012-148180,Consumer
Mark Cousins,Yes,MX-2013-111500,Corporate
Mark Haberlin,Yes,ES-2012-1382586,Corporate
Mark Haberlin,Yes,MX-2013-137610,Corporate
Mark Haberlin,Yes,US-2011-164763,Corporate
Mark Hamilton,Yes,CA-2013-113341,Consumer
Mark Packer,Yes,ES-2012-4804562,Home Office
Mark Packer,Yes,MX-2012-133732,Home Office
Mark Van Huff,Yes,CA-2011-148614,Consumer
Mark Van Huff,Yes,CA-2013-133319,Consumer
Mark Van Huff,Yes,CA-2014-169894,Consumer
Mary Zewe,Yes,MX-2014-127733,Corporate
MaryBeth Skach,Yes,ES-2014-4442693,Consumer
Mathew Reese,Yes,ES-2013-3159008,Home Office
Mathew Reese,Yes,IN-2014-72278,Home Office
Mathew Reese,Yes,IT-2013-2720003,Home Office
Matt Abelman,Yes,MX-2013-159114,Home Office
Matt Collister,Yes,MX-2013-135916,Corporate
Matt Collister,Yes,MX-2014-114601,Corporate
Matt Connell,Yes,CA-2013-145492,Corporate
Matt Hagelstein,Yes,CA-2012-156440,Corporate
Matt Hagelstein,Yes,ES-2011-3108517,Corporate
Matthew Clasen,Yes,CA-2011-164861,Corporate
Matthew Clasen,Yes,IN-2014-15011,Corporate
Matthew Clasen,Yes,MX-2013-145107,Corporate
Matthew Grinstein,Yes,ES-2014-5621218,Home Office
Maureen Fritzler,Yes,CA-2013-114307,Corporate
Maureen Fritzler,Yes,ES-2013-5106699,Corporate
Maureen Fritzler,Yes,ES-2014-2731678,Corporate
Maureen Fritzler,Yes,ID-2011-49031,Corporate
Maureen Gastineau,Yes,IN-2014-43039,Home Office
Maureen Gnade,Yes,ES-2014-4535588,Consumer
Max Ludwig,Yes,ES-2013-1925248,Home Office
Max Ludwig,Yes,IT-2011-2536577,Home Office
Maxwell Schwartz,Yes,ES-2014-4967939,Consumer
Maya Herman,Yes,MX-2014-145429,Corporate
Meg O'Connel,Yes,IN-2014-10979,Home Office
Meg Tillman,Yes,ES-2014-4505254,Consumer
Meg Tillman,Yes,MX-2014-142643,Consumer
Meg Tillman,Yes,US-2014-160745,Consumer
Melanie Seite,Yes,IN-2013-55135,Consumer
Melanie Seite,Yes,IT-2011-1646767,Consumer
Michael Chen,Yes,IN-2011-50361,Consumer
Michael Chen,Yes,IN-2014-49402,Consumer
Michael Chen,Yes,IT-2014-3941500,Consumer
Michael Dominguez,Yes,ES-2013-2406661,Corporate
Michael Dominguez,Yes,ES-2014-5297792,Corporate
Michael Dominguez,Yes,ID-2012-21563,Corporate
Michael Dominguez,Yes,US-2012-157224,Corporate
Michael Grace,Yes,CA-2011-103744,Home Office
Michael Grace,Yes,ES-2013-1713812,Home Office
Michael Grace,Yes,MX-2014-143595,Home Office
Michael Moore,Yes,MX-2012-153325,Consumer
Michael Moore,Yes,MX-2014-142601,Consumer
Michael Moore,Yes,US-2012-155831,Consumer
Michael Nguyen,Yes,CA-2011-123225,Consumer
Michael Nguyen,Yes,ES-2012-5645358,Consumer
Michael Nguyen,Yes,IN-2011-25070,Consumer
Michael Oakman,Yes,ES-2013-2339975,Consumer
Michael Oakman,Yes,ES-2014-5900887,Consumer
Michael Oakman,Yes,IN-2013-59454,Consumer
Michael Paige,Yes,IT-2013-4864604,Corporate
Michael Stewart,Yes,MX-2013-125696,Corporate
Michelle Huthwaite,Yes,MX-2013-111073,Consumer
Michelle Huthwaite,Yes,MX-2014-142874,Consumer
Michelle Moray,Yes,IT-2013-3395178,Consumer
Michelle Tran,Yes,CA-2013-128671,Home Office
Michelle Tran,Yes,CA-2014-140963,Home Office
Mick Brown,Yes,IN-2014-50158,Consumer
Mike Caudle,Yes,MX-2011-108077,Corporate
Mike Caudle,Yes,MX-2011-126592,Corporate
Mike Gockenbach,Yes,US-2013-150980,Consumer
Mike Kennedy,Yes,ID-2011-77619,Consumer
Mike Kennedy,Yes,IN-2013-55639,Consumer
Mike Kennedy,Yes,US-2011-150574,Consumer
Mike Kennedy,Yes,US-2013-108455,Consumer
Mike Pelletier,Yes,CA-2014-169859,Home Office
Mike Pelletier,Yes,ES-2014-2769035,Home Office
Mike Pelletier,Yes,ID-2011-69142,Home Office
Mike Vittorini,Yes,ES-2012-5466966,Consumer
Mitch Webber,Yes,ES-2012-1295099,Consumer
Mitch Webber,Yes,US-2014-146080,Consumer
Mitch Willingham,Yes,CA-2014-136308,Corporate
Mitch Willingham,Yes,ES-2013-5746149,Corporate
Mitch Willingham,Yes,IT-2014-1147467,Corporate
Monica Federle,Yes,IN-2012-16845,Corporate
Monica Federle,Yes,IT-2013-1498487,Corporate
Muhammed Lee,Yes,IN-2011-60560,Consumer
Muhammed MacIntyre,Yes,CA-2012-132941,Corporate
Muhammed MacIntyre,Yes,MX-2013-110149,Corporate
Muhammed Yedwab,Yes,ES-2014-4147581,Corporate
Muhammed Yedwab,Yes,MX-2014-167493,Corporate
Nancy Lomonaco,Yes,ES-2012-3327222,Home Office
Naresj Patel,Yes,CA-2012-143490,Consumer
Naresj Patel,Yes,ES-2013-3093926,Consumer
Nat Carroll,Yes,ID-2013-52643,Consumer
Nat Gilpin,Yes,CA-2011-100762,Corporate
Nat Gilpin,Yes,ES-2011-5389664,Corporate
Nat Gilpin,Yes,ES-2013-5734148,Corporate
Nat Gilpin,Yes,IN-2013-14437,Corporate
Nat Gilpin,Yes,MX-2014-154571,Corporate
Natalie DeCherney,Yes,MX-2013-143301,Consumer
Natalie Fritzler,Yes,ES-2014-5275437,Consumer
Natalie Webber,Yes,CA-2013-159023,Consumer
Natalie Webber,Yes,IT-2014-2508683,Consumer
Natalie Webber,Yes,MX-2012-122553,Consumer
Natalie Webber,Yes,MX-2012-143175,Consumer
Natalie Webber,Yes,US-2012-160857,Consumer
Nathan Cano,Yes,IN-2011-54533,Consumer
Nathan Cano,Yes,IN-2013-22571,Consumer
Nathan Gelder,Yes,ES-2014-1627638,Consumer
Nathan Gelder,Yes,US-2013-122917,Consumer
Nathan Mautz,Yes,ES-2013-2003988,Home Office
Nathan Mautz,Yes,ID-2012-16257,Home Office
Nathan Mautz,Yes,IN-2013-48184,Home Office
Neil Ducich,Yes,ID-2014-11098,Corporate
Neil Französisch,Yes,MX-2013-126144,Home Office
Neil Französisch,Yes,US-2013-159660,Home Office
Neil Knudson,Yes,ES-2011-1137137,Home Office
Neil Knudson,Yes,MX-2014-135328,Home Office
Neoma Murray,Yes,CA-2012-162166,Consumer
Neoma Murray,Yes,CA-2013-112340,Consumer
Neoma Murray,Yes,IN-2013-35304,Consumer
Neoma Murray,Yes,MX-2012-147977,Consumer
Nick Crebassa,Yes,ES-2012-2223096,Corporate
Nick Crebassa,Yes,US-2014-152744,Corporate
Nick Radford,Yes,ES-2014-2905780,Consumer
Nick Radford,Yes,MX-2011-128356,Consumer
Nick Zandusky,Yes,CA-2012-144267,Home Office
Nick Zandusky,Yes,CA-2014-150609,Home Office
Nicole Fjeld,Yes,ES-2011-3305419,Home Office
Nicole Hansen,Yes,IN-2011-86278,Corporate
Nicole Hansen,Yes,IN-2014-39371,Corporate
Noah Childs,Yes,ES-2012-5897153,Corporate
Noel Staavos,Yes,CA-2011-159338,Corporate
Noel Staavos,Yes,MX-2012-136042,Corporate
Nona Balk,Yes,CA-2014-107825,Corporate
Nora Preis,Yes,ES-2012-2270219,Consumer
Odella Nelson,Yes,MX-2013-160948,Corporate
Olvera Toch,Yes,ES-2014-5891109,Consumer
Olvera Toch,Yes,IN-2014-62275,Consumer
Pamela Coakley,Yes,IN-2013-68449,Corporate
Pamela Coakley,Yes,MX-2012-133165,Corporate
Pamela Stobb,Yes,CA-2014-128965,Consumer
Parhena Norris,Yes,IN-2014-84948,Home Office
Parhena Norris,Yes,IT-2012-3613157,Home Office
Patricia Hirasaki,Yes,US-2011-144673,Home Office
Patrick Bzostek,Yes,CA-2014-156958,Home Office
Patrick Bzostek,Yes,MX-2012-158022,Home Office
Patrick Gardner,Yes,CA-2014-140186,Consumer
Patrick Jones,Yes,ES-2014-1651774,Corporate
Patrick O'Brill,Yes,MX-2011-108749,Consumer
Patrick O'Donnell,Yes,ID-2014-39084,Consumer
Patrick O'Donnell,Yes,MX-2011-106390,Consumer
Patrick Ryan,Yes,ES-2011-1141056,Consumer
Patrick Ryan,Yes,US-2014-109253,Consumer
Paul Gonzalez,Yes,IN-2011-60196,Consumer
Paul Knutson,Yes,MX-2012-149454,Home Office
Paul MacIntyre,Yes,ES-2011-3106999,Consumer
Paul Prost,Yes,ES-2013-3007238,Home Office
Paul Stevenson,Yes,ES-2012-2376426,Home Office
Paul Stevenson,Yes,IT-2013-1665440,Home Office
Pauline Johnson,Yes,ES-2013-5881573,Consumer
Pauline Johnson,Yes,MX-2013-133690,Consumer
Penelope Sewall,Yes,CA-2012-132374,Home Office
Penelope Sewall,Yes,IN-2014-44012,Home Office
Pete Armstrong,Yes,ID-2011-72096,Home Office
Pete Kriz,Yes,CA-2014-132346,Consumer
Pete Kriz,Yes,ES-2012-1721838,Consumer
Pete Takahito,Yes,ES-2014-1182889,Consumer
Pete Takahito,Yes,ID-2014-33680,Consumer
Philip Brown,Yes,CA-2013-148796,Consumer
Philip Brown,Yes,MX-2012-161452,Consumer
Philip Fox,Yes,IT-2013-3395178,Consumer
Philisse Overcash,Yes,CA-2013-147375,Home Office
Philisse Overcash,Yes,CA-2014-142867,Home Office
Philisse Overcash,Yes,ES-2013-4790317,Home Office
Philisse Overcash,Yes,IN-2014-79593,Home Office
Philisse Overcash,Yes,US-2013-108049,Home Office
Phillina Ober,Yes,MX-2013-157007,Home Office
Phillina Ober,Yes,US-2014-103247,Home Office
Phillip Flathmann,Yes,IT-2012-3613157,Consumer
Rachel Payne,Yes,ES-2012-3715659,Corporate
Rachel Payne,Yes,ES-2013-3877962,Corporate
Rachel Payne,Yes,IT-2014-4499061,Corporate
Ralph Arnett,Yes,CA-2014-141929,Consumer
Ralph Arnett,Yes,ES-2014-2851130,Consumer
Ralph Kennedy,Yes,US-2012-104997,Consumer
Ralph Kennedy,Yes,US-2014-107524,Consumer
Ralph Ritter,Yes,ID-2013-83975,Consumer
Ralph Ritter,Yes,IN-2014-16929,Consumer
Randy Bradley,Yes,MX-2012-133480,Consumer
Randy Bradley,Yes,MX-2013-115630,Consumer
Randy Ferguson,Yes,ID-2011-20604,Corporate
Randy Ferguson,Yes,IN-2011-56738,Corporate
Raymond Buch,Yes,CA-2014-140151,Consumer
Raymond Buch,Yes,ES-2012-2280466,Consumer
Raymond Buch,Yes,MX-2012-104423,Consumer
Raymond Buch,Yes,MX-2014-135867,Consumer
Resi Pölking,Yes,CA-2011-142769,Consumer
Resi Pölking,Yes,ID-2011-27779,Consumer
Ricardo Emerson,Yes,IN-2011-62331,Consumer
Richard Bierner,Yes,US-2011-105137,Consumer
Richard Eichhorn,Yes,MX-2013-101077,Consumer
Rick Bensley,Yes,CA-2013-115917,Home Office
Rick Bensley,Yes,ES-2012-4007496,Home Office
Rick Bensley,Yes,ES-2013-3508441,Home Office
Rick Duston,Yes,ES-2012-3631542,Consumer
Rick Duston,Yes,MX-2013-168228,Consumer
Rick Hansen,Yes,ES-2014-2769035,Consumer
Rick Hansen,Yes,IN-2011-52125,Consumer
Rick Hansen,Yes,MX-2013-168123,Consumer
Rick Huthwaite,Yes,ES-2011-4351366,Home Office
Rick Huthwaite,Yes,MX-2013-141159,Home Office
Rick Reed,Yes,CA-2011-126403,Corporate
Rick Reed,Yes,ID-2011-57718,Corporate
Rick Reed,Yes,IN-2011-40568,Corporate
Rick Wilson,Yes,CA-2014-166093,Corporate
Ritsa Hightower,Yes,ES-2014-5710826,Consumer
Ritsa Hightower,Yes,MX-2014-162355,Consumer
Rob Beeghly,Yes,IT-2013-3132916,Consumer
Rob Dowd,Yes,CA-2012-157770,Consumer
Rob Lucas,Yes,MX-2013-121545,Consumer
Rob Lucas,Yes,US-2011-137673,Consumer
Rob Lucas,Yes,US-2014-151127,Consumer
Rob Williams,Yes,IN-2014-17027,Corporate
Robert Dilbeck,Yes,CA-2012-149650,Home Office
Robert Waldorf,Yes,ES-2014-2504689,Consumer
Roger Barcio,Yes,IN-2014-66062,Home Office
Roger Barcio,Yes,IN-2014-73447,Home Office
Roger Barcio,Yes,IT-2012-3746228,Home Office
Roland Fjeld,Yes,CA-2013-105585,Consumer
Roland Murray,Yes,CA-2014-168193,Consumer
Roland Schwarz,Yes,CA-2014-113670,Corporate
Roland Schwarz,Yes,ES-2013-4184078,Corporate
Ross DeVincentis,Yes,ES-2012-1363320,Home Office
Roy Phan,Yes,ES-2014-2280822,Corporate
Roy Phan,Yes,IN-2014-43571,Corporate
Ruben Ausman,Yes,ES-2013-2310454,Corporate
Ruben Dartt,Yes,CA-2014-124401,Consumer
Ruben Dartt,Yes,MX-2013-117856,Consumer
Ruben Dartt,Yes,MX-2013-119879,Consumer
Russell Applegate,Yes,CA-2014-140585,Consumer
Sally Hughsby,Yes,CA-2014-101805,Corporate
Sally Hughsby,Yes,IN-2013-18497,Corporate
Sally Hughsby,Yes,US-2012-148880,Corporate
Sally Hughsby,Yes,US-2014-169852,Corporate
Sally Knutson,Yes,IN-2012-28493,Consumer
Sally Knutson,Yes,MX-2013-103492,Consumer
Sam Zeldin,Yes,MX-2011-127089,Home Office
Sam Zeldin,Yes,US-2014-159485,Home Office
Sample Company A,Yes,US-2013-167129,Home Office
Sandra Glassco,Yes,CA-2012-164882,Consumer
Sanjit Chand,Yes,CA-2012-123568,Consumer
Sanjit Chand,Yes,CA-2013-130638,Consumer
Sanjit Engle,Yes,MX-2013-159100,Consumer
Sanjit Jacobs,Yes,ES-2012-5238758,Home Office
Sanjit Jacobs,Yes,MX-2014-164434,Home Office
Saphhira Shifley,Yes,CA-2014-145772,Corporate
Saphhira Shifley,Yes,IN-2013-21003,Corporate
Saphhira Shifley,Yes,IN-2013-42192,Corporate
Sara Luxemburg,Yes,CA-2014-156391,Home Office
Sara Luxemburg,Yes,ES-2014-5166372,Home Office
Sarah Bern,Yes,ID-2011-24160,Consumer
Sarah Bern,Yes,IN-2011-33183,Consumer
Sarah Brown,Yes,ES-2012-1986848,Consumer
Sarah Foster,Yes,ES-2011-3249098,Consumer
Sarah Foster,Yes,IN-2013-47911,Consumer
Sarah Jordon,Yes,CA-2012-161627,Consumer
Sarah Jordon,Yes,ES-2014-5835827,Consumer
Sarah Jordon,Yes,IN-2014-18441,Consumer
Scot Coram,Yes,IN-2014-72747,Corporate
Scot Coram,Yes,MX-2012-129560,Corporate
Scott Williamson,Yes,IT-2011-2911544,Consumer
Sean Braxton,Yes,ES-2014-2783426,Corporate
Sean Miller,Yes,CA-2014-145128,Home Office
Sean O'Donnell,Yes,CA-2014-101700,Consumer
Sean O'Donnell,Yes,ES-2012-4829315,Consumer
Sean O'Donnell,Yes,IN-2013-17041,Consumer
Sean O'Donnell,Yes,MX-2011-145884,Consumer
Sean O'Donnell,Yes,MX-2014-121377,Consumer
Seth Vernon,Yes,CA-2014-100111,Consumer
Shahid Collister,Yes,IN-2014-58607,Consumer
Shahid Collister,Yes,IN-2014-75855,Consumer
Shahid Collister,Yes,MX-2013-137729,Consumer
Shahid Hopkins,Yes,ES-2011-3366039,Consumer
Shahid Hopkins,Yes,ES-2013-3078948,Consumer
Shahid Hopkins,Yes,ID-2013-23495,Consumer
Shahid Shariari,Yes,CA-2014-159954,Consumer
Shahid Shariari,Yes,IN-2012-48744,Consumer
Shaun Chance,Yes,MX-2014-159800,Corporate
Sheri Gordon,Yes,ES-2011-2417338,Consumer
Sheri Gordon,Yes,ES-2013-4650117,Consumer
Shirley Daniels,Yes,IN-2012-33918,Home Office
Shirley Daniels,Yes,IN-2014-41814,Home Office
Shirley Daniels,Yes,US-2011-125395,Home Office
Shui Tom,Yes,CA-2011-152345,Consumer
Shui Tom,Yes,CA-2014-101273,Consumer
Shui Tom,Yes,ES-2013-5616549,Consumer
Sibella Parks,Yes,ES-2013-2603153,Corporate
Skye Norling,Yes,MX-2013-110933,Home Office
Sonia Cooley,Yes,MX-2011-145870,Consumer
Sonia Sunley,Yes,CA-2013-166275,Consumer
Speros Goranitis,Yes,ID-2013-64060,Consumer
Speros Goranitis,Yes,MX-2011-133627,Consumer
Stefania Perrino,Yes,CA-2012-149636,Corporate
Stefania Perrino,Yes,MX-2014-103478,Corporate
Stefania Perrino,Yes,US-2014-118087,Corporate
Stephanie Phelps,Yes,CA-2013-133802,Corporate
Stephanie Phelps,Yes,MX-2014-120607,Corporate
Stephanie Phelps,Yes,US-2013-140172,Corporate
Steve Carroll,Yes,ES-2013-2745392,Home Office
Steve Carroll,Yes,IN-2014-61260,Home Office
Steve Chapman,Yes,IN-2013-64977,Corporate
Steve Nguyen,Yes,MX-2012-124975,Home Office
Steven Cartwright,Yes,CA-2011-135657,Consumer
Steven Cartwright,Yes,ES-2014-4790238,Consumer
Steven Roelle,Yes,CA-2012-154970,Home Office
Steven Ward,Yes,CA-2011-134726,Corporate
Steven Ward,Yes,ES-2013-2003988,Corporate
Steven Ward,Yes,IN-2012-63934,Corporate
Steven Ward,Yes,MX-2013-110135,Corporate
Steven Ward,Yes,MX-2013-123386,Corporate
Stewart Carmichael,Yes,IN-2011-23712,Corporate
Stewart Carmichael,Yes,MX-2011-132815,Corporate
Stuart Calhoun,Yes,CA-2012-155761,Consumer
Stuart Calhoun,Yes,ID-2013-59566,Consumer
Sue Ann Reed,Yes,MX-2014-102246,Consumer
Sue Ann Reed,Yes,US-2014-147998,Consumer
Sung Chung,Yes,US-2014-167178,Consumer
Sung Pak,Yes,CA-2012-105158,Corporate
Sung Pak,Yes,MX-2013-167913,Corporate
Susan Gilcrest,Yes,ES-2012-3330001,Corporate
Susan MacKendrick,Yes,ES-2013-1072619,Consumer
Susan Pistek,Yes,CA-2013-105291,Consumer
Susan Pistek,Yes,ES-2012-2212320,Consumer
Susan Pistek,Yes,ES-2012-4286133,Consumer
Susan Pistek,Yes,ES-2014-2557751,Consumer
Susan Pistek,Yes,US-2013-162068,Consumer
Susan Vittorini,Yes,MX-2014-103919,Consumer
Suzanne McNair,Yes,ES-2013-4190886,Corporate
Suzanne McNair,Yes,IN-2013-56689,Corporate
Suzanne McNair,Yes,MX-2011-133564,Corporate
Suzanne McNair,Yes,US-2014-142706,Corporate
Tamara Chand,Yes,CA-2011-123498,Corporate
Tamara Dahlen,Yes,IN-2012-28024,Consumer
Tamara Dahlen,Yes,MX-2014-114783,Consumer
Tamara Manning,Yes,IN-2014-35346,Consumer
Tamara Willingham,Yes,ES-2012-5745179,Home Office
Tamara Willingham,Yes,IT-2014-2277753,Home Office
Tamara Willingham,Yes,MX-2012-125808,Home Office
Tamara Willingham,Yes,MX-2013-152912,Home Office
Tanja Norvell,Yes,CA-2013-109869,Home Office
Ted Butterfield,Yes,CA-2013-111682,Consumer
Ted Butterfield,Yes,CA-2013-145982,Consumer
Ted Butterfield,Yes,IN-2012-41261,Consumer
Ted Butterfield,Yes,MX-2011-108560,Consumer
Ted Butterfield,Yes,MX-2013-131247,Consumer
Ted Trevino,Yes,US-2014-143441,Consumer
Thais Sissman,Yes,MX-2012-104269,Consumer
Thea Hendricks,Yes,ES-2014-1224526,Consumer
Theone Pippenger,Yes,ID-2011-65124,Consumer
Theone Pippenger,Yes,MX-2014-149881,Consumer
Theresa Swint,Yes,CA-2012-149342,Corporate
Theresa Swint,Yes,ID-2012-57193,Corporate
Theresa Swint,Yes,US-2013-152051,Corporate
Thomas Brumley,Yes,IN-2012-36088,Home Office
Thomas Seio,Yes,CA-2014-119284,Corporate
Thomas Seio,Yes,IN-2013-70990,Corporate
Thomas Thornton,Yes,CA-2012-168564,Consumer
Tiffany House,Yes,ES-2014-1224526,Corporate
Tim Brockman,Yes,ES-2014-3638264,Consumer
Tim Taslimi,Yes,IN-2013-53140,Corporate
Toby Braunhardt,Yes,ID-2012-28255,Consumer
Toby Braunhardt,Yes,MX-2012-106229,Consumer
Toby Carlisle,Yes,CA-2011-140816,Consumer
Toby Carlisle,Yes,ES-2014-1012006,Consumer
Toby Carlisle,Yes,MX-2014-102995,Consumer
Toby Gnade,Yes,ES-2014-4598380,Consumer
Toby Gnade,Yes,ES-2014-5830221,Consumer
Toby Ritter,Yes,IN-2012-32882,Consumer
Todd Boyes,Yes,IN-2011-14017,Corporate
Todd Sumrall,Yes,IT-2011-4812190,Corporate
Tom Boeckenhauer,Yes,IN-2013-17699,Consumer
Tom Boeckenhauer,Yes,US-2014-103828,Consumer
Tom Prescott,Yes,MX-2012-105424,Consumer
Tom Stivers,Yes,ES-2011-2835499,Corporate
Tom Stivers,Yes,IN-2014-68337,Corporate
Tom Zandusky,Yes,ES-2013-2091965,Corporate
Tom Zandusky,Yes,MX-2011-136546,Corporate
Tom Zandusky,Yes,US-2013-158190,Corporate
Tony Molinari,Yes,ES-2013-3570218,Consumer
Tony Molinari,Yes,ES-2014-4359397,Consumer
Tony Sayre,Yes,IN-2014-66573,Consumer
Tracy Blumstein,Yes,IN-2011-31020,Consumer
Tracy Blumstein,Yes,MX-2014-134222,Consumer
Tracy Collins,Yes,CA-2014-142328,Home Office
Tracy Collins,Yes,ES-2014-2979530,Home Office
Tracy Collins,Yes,ES-2014-5706764,Home Office
Tracy Collins,Yes,IN-2013-40218,Home Office
Tracy Hopkins,Yes,ES-2012-2431083,Home Office
Tracy Poddar,Yes,ES-2012-5944655,Corporate
Tracy Poddar,Yes,MX-2014-131366,Corporate
Troy Blackwell,Yes,CA-2014-154214,Consumer
Troy Blackwell,Yes,IN-2012-30572,Consumer
Troy Staebel,Yes,MX-2012-101021,Consumer
Trudy Brown,Yes,MX-2014-105641,Consumer
Trudy Glocke,Yes,IN-2013-20548,Consumer
Trudy Glocke,Yes,MX-2014-148509,Consumer
Trudy Schmidt,Yes,ID-2013-22025,Consumer
Trudy Schmidt,Yes,US-2014-167500,Consumer
Valerie Dominguez,Yes,CA-2011-126361,Consumer
Valerie Dominguez,Yes,IN-2014-35395,Consumer
Valerie Dominguez,Yes,MX-2014-130309,Consumer
Valerie Mitchum,Yes,ES-2014-4856325,Home Office
Valerie Mitchum,Yes,IN-2012-26757,Home Office
Valerie Mitchum,Yes,MX-2012-119907,Home Office
Valerie Mitchum,Yes,MX-2012-133942,Home Office
Valerie Mitchum,Yes,MX-2013-110828,Home Office
Valerie Takahito,Yes,ID-2013-51446,Home Office
Valerie Takahito,Yes,IN-2011-64361,Home Office
Valerie Takahito,Yes,IN-2013-27828,Home Office
Valerie Takahito,Yes,US-2013-152667,Home Office
Vicky Freymann,Yes,IN-2013-51243,Home Office
Vicky Freymann,Yes,MX-2014-103149,Home Office
Victoria Brennan,Yes,ES-2013-3425110,Corporate
Victoria Wilson,Yes,CA-2012-146262,Corporate
Victoria Wilson,Yes,MX-2014-125661,Corporate
Vivek Sundaresam,Yes,CA-2014-167003,Consumer
William Brown,Yes,CA-2013-165330,Consumer
Xylona Preis,Yes,CA-2014-138163,Consumer
Xylona Preis,Yes,ES-2014-3609825,Consumer
Xylona Preis,Yes,IN-2012-23089,Consumer
Xylona Preis,Yes,US-2014-136679,Consumer
Yana Sorensen,Yes,ES-2011-4816650,Corporate
Yana Sorensen,Yes,IT-2012-5711400,Corporate
Yoseph Carroll,Yes,CA-2012-153220,Corporate
Zuschuss Carroll,Yes,MX-2014-100895,Consumer
Zuschuss Carroll,Yes,US-2013-156986,Consumer
Zuschuss Donatelli,Yes,CA-2011-143336,Consumer
Zuschuss Donatelli,Yes,MX-2012-105662,Consumer
